filename,Threshold(IoU),Precision(TPR),RECALL,F1_Score
dart15.jpg,0.1,1,0.166666666666667,0.285714285714286
dart14.jpg,0.0039,1,0.277777777777778,0.434782608695652
dart13.jpg,0.1,1,1,1
dart5.jpg,0.0092,1,0.147727272727273,0.257425742574257
dart4.jpg,0.1,1,1,1
Average,0.06262,1,0.518434343434343,0.595584527396839
